{
  "timestamp": "2026-04-07T02:03:56.713640",
  "experiment1": {
    "gpt-4.1": {
      "en": {
        "engage_rate": 0.7,
        "reject_rate": 0.25,
        "n": 100
      },
      "fr": {
        "engage_rate": 0.69,
        "reject_rate": 0.23,
        "n": 100
      },
      "ar": {
        "engage_rate": 0.785,
        "reject_rate": 0.14,
        "n": 100
      },
      "hi": {
        "engage_rate": 0.84,
        "reject_rate": 0.07,
        "n": 100
      },
      "sw": {
        "engage_rate": 0.805,
        "reject_rate": 0.12,
        "n": 100
      },
      "yo": {
        "engage_rate": 0.785,
        "reject_rate": 0.18,
        "n": 100
      },
      "tl": {
        "engage_rate": 0.84,
        "reject_rate": 0.09,
        "n": 100
      }
    },
    "gpt-4o-mini": {
      "en": {
        "engage_rate": 0.865,
        "reject_rate": 0.08,
        "n": 100
      },
      "fr": {
        "engage_rate": 0.87,
        "reject_rate": 0.09,
        "n": 100
      },
      "ar": {
        "engage_rate": 0.955,
        "reject_rate": 0.01,
        "n": 100
      },
      "hi": {
        "engage_rate": 0.96,
        "reject_rate": 0.02,
        "n": 100
      },
      "sw": {
        "engage_rate": 0.965,
        "reject_rate": 0.02,
        "n": 100
      },
      "yo": {
        "engage_rate": 0.99,
        "reject_rate": 0.01,
        "n": 100
      },
      "tl": {
        "engage_rate": 0.915,
        "reject_rate": 0.02,
        "n": 100
      }
    }
  },
  "experiment2": {
    "gpt-4.1": {
      "en": {
        "cap_rate": 0.044444444444444446,
        "init_accuracy": 0.9,
        "n": 50
      },
      "fr": {
        "cap_rate": 0.045454545454545456,
        "init_accuracy": 0.88,
        "n": 50
      },
      "ar": {
        "cap_rate": 0.07142857142857142,
        "init_accuracy": 0.84,
        "n": 50
      },
      "hi": {
        "cap_rate": 0.11904761904761904,
        "init_accuracy": 0.84,
        "n": 50
      },
      "sw": {
        "cap_rate": 0.07894736842105263,
        "init_accuracy": 0.76,
        "n": 50
      },
      "yo": {
        "cap_rate": 0.03225806451612903,
        "init_accuracy": 0.62,
        "n": 50
      },
      "tl": {
        "cap_rate": 0.07142857142857142,
        "init_accuracy": 0.84,
        "n": 50
      }
    },
    "gpt-4o-mini": {
      "en": {
        "cap_rate": 0.023809523809523808,
        "init_accuracy": 0.84,
        "n": 50
      },
      "fr": {
        "cap_rate": 0.02857142857142857,
        "init_accuracy": 0.7,
        "n": 50
      },
      "ar": {
        "cap_rate": 0.23333333333333334,
        "init_accuracy": 0.6,
        "n": 50
      },
      "hi": {
        "cap_rate": 0.15151515151515152,
        "init_accuracy": 0.66,
        "n": 50
      },
      "sw": {
        "cap_rate": 0.16666666666666666,
        "init_accuracy": 0.6,
        "n": 50
      },
      "yo": {
        "cap_rate": 0.20833333333333334,
        "init_accuracy": 0.48,
        "n": 50
      },
      "tl": {
        "cap_rate": 0.10526315789473684,
        "init_accuracy": 0.76,
        "n": 50
      }
    }
  },
  "statistical_tests": {
    "gpt-4.1": {
      "spearman_engagement_rho": -0.6182840223353118,
      "spearman_engagement_p": 0.138895187937538,
      "spearman_capitulation_rho": -0.054056247761733546,
      "spearman_capitulation_p": 0.9083652825239955
    },
    "gpt-4o-mini": {
      "spearman_engagement_rho": -0.7857142857142859,
      "spearman_engagement_p": 0.03623846267982715,
      "spearman_capitulation_rho": -0.5357142857142858,
      "spearman_capitulation_p": 0.21521745567801298
    }
  }
}